{
	"pattrstorage" : 	{
		"name" : "u325003172",
		"slots" : 		{
			"1" : 			{
				"id" : 1,
				"data" : 				{
					"GrainDelayRandom" : [ 281.059643277450391 ],
					"clickmode" : [ 0.0 ],
					"freeze" : [ 0.0 ],
					"getRecFile" : [ 0.0 ],
					"grainDirection" : [ 1.0 ],
					"grainFreq" : [ 445.582277809406264 ],
					"grainLength" : [ 197.378967790600825 ],
					"grainPeriod" : [ 2.244254427972876 ],
					"grainSizeRandom" : [ 55.118110236220438 ],
					"grainTimeJitter" : [ 100.0 ],
					"keyboardNotesOff" : [ 0.0 ],
					"maxGrains" : [ 100.000000000000028 ],
					"output" : [ -3.341730566850785 ],
					"panningCenter" : [ 0.0 ],
					"panningSpread" : [ 0.0 ],
					"pitchbend" : [ 64.0 ],
					"presetName" : [ "many", "voices" ],
					"rate" : [ 0.0 ],
					"record" : [ 0.0 ],
					"soundfile" : [ "FemVoice.aif" ],
					"transpose" : [ 0.0 ],
					"transposeRandom" : [ 4.724409448818895 ],
					"transpositionMode" : [ 0.0 ],
					"volumeRandom" : [ 0.0 ],
					"playReverse" : [ 0 ],
					"play" : [ 1 ],
					"stop" : [ 0 ],
					"keyboardNotes" : [ 0 ],
					"envelope::userEnvelope" : [ 47999.0, 0.0, 1.0, 0.0, 0.0, 0, 0.0, 31134.486486486486683, 1.0, 0, -0.3, 47350.364864864866831, 0.0, 2, -0.65, "curve" ],
					"envelope::envSelect" : [ 1 ]
				}

			}
,
			"2" : 			{
				"id" : 2,
				"data" : 				{
					"GrainDelayRandom" : [ 4.999999999999999 ],
					"clickmode" : [ 0.0 ],
					"freeze" : [ 0.0 ],
					"getRecFile" : [ 0.0 ],
					"grainDirection" : [ 1.0 ],
					"grainFreq" : [ 529.286955288333957 ],
					"grainLength" : [ 180.162440324880606 ],
					"grainPeriod" : [ 2.0 ],
					"grainSizeRandom" : [ 0.0 ],
					"grainTimeJitter" : [ 62.204724409448744 ],
					"keyboardNotesOff" : [ 0.0 ],
					"maxGrains" : [ 100.000000000000028 ],
					"output" : [ 0.239371795353918 ],
					"panningCenter" : [ 0.0 ],
					"panningSpread" : [ 0.0 ],
					"pitchbend" : [ 64.0 ],
					"presetName" : [ "granular", "chorus" ],
					"rate" : [ 0.0 ],
					"record" : [ 0.0 ],
					"soundfile" : [ "FemVoice.aif" ],
					"transpose" : [ 0.0 ],
					"transposeRandom" : [ 1.0 ],
					"transpositionMode" : [ 0.0 ],
					"volumeRandom" : [ 34.645669291338578 ],
					"playReverse" : [ 0 ],
					"play" : [ 1 ],
					"stop" : [ 0 ],
					"keyboardNotes" : [ 0 ],
					"envelope::userEnvelope" : [ 47999.0, 0.0, 1.0, 0.0, 0.0, 0, 0.0, 31134.486486486486683, 1.0, 0, -0.3, 47350.364864864866831, 0.0, 2, -0.65, "curve" ],
					"envelope::envSelect" : [ 4 ]
				}

			}
,
			"3" : 			{
				"id" : 3,
				"data" : 				{
					"GrainDelayRandom" : [ 0.00003844015376 ],
					"clickmode" : [ 0.0 ],
					"freeze" : [ 0.0 ],
					"getRecFile" : [ 0.0 ],
					"grainDirection" : [ 1.0 ],
					"grainFreq" : [ 89.238867424980825 ],
					"grainLength" : [ 992.902783805566287 ],
					"grainPeriod" : [ 11.205879555123849 ],
					"grainSizeRandom" : [ 0.0 ],
					"grainTimeJitter" : [ 0.0 ],
					"keyboardNotesOff" : [ 0.0 ],
					"maxGrains" : [ 100.000000000000028 ],
					"output" : [ 0.239371795353918 ],
					"panningCenter" : [ 0.0 ],
					"panningSpread" : [ 0.0 ],
					"pitchbend" : [ 64.0 ],
					"presetName" : [ "grain", "phasor" ],
					"rate" : [ 0.0 ],
					"record" : [ 0.0 ],
					"soundfile" : [ "FemVoice.aif" ],
					"transpose" : [ 0.0 ],
					"transposeRandom" : [ 0.1 ],
					"transpositionMode" : [ 0.0 ],
					"volumeRandom" : [ 0.0 ],
					"playReverse" : [ 0 ],
					"play" : [ 1 ],
					"stop" : [ 0 ],
					"keyboardNotes" : [ 0 ],
					"envelope::userEnvelope" : [ 47999.0, 0.0, 1.0, 0.0, 0.0, 0, 0.0, 31134.486486486486683, 1.0, 0, -0.3, 47350.364864864866831, 0.0, 2, -0.65, "curve" ],
					"envelope::envSelect" : [ 1 ]
				}

			}
,
			"4" : 			{
				"id" : 4,
				"data" : 				{
					"GrainDelayRandom" : [ 23.627471149790065 ],
					"clickmode" : [ 0.0 ],
					"freeze" : [ 0.0 ],
					"getRecFile" : [ 0.0 ],
					"grainDirection" : [ 1.0 ],
					"grainFreq" : [ 598.13962146639642 ],
					"grainLength" : [ 166.182586823511087 ],
					"grainPeriod" : [ 2.0 ],
					"grainSizeRandom" : [ 0.0 ],
					"grainTimeJitter" : [ 100.0 ],
					"keyboardNotesOff" : [ 0.0 ],
					"maxGrains" : [ 100.000000000000028 ],
					"output" : [ 0.239371795353918 ],
					"panningCenter" : [ 0.0 ],
					"panningSpread" : [ 0.0 ],
					"pitchbend" : [ 64.0 ],
					"presetName" : [ "major", "minor", 7 ],
					"rate" : [ 0.0 ],
					"record" : [ 0.0 ],
					"soundfile" : [ "FemVoice.aif" ],
					"transpose" : [ 0.0 ],
					"transposeRandom" : [ 0.0 ],
					"transpositionMode" : [ 1.0 ],
					"volumeRandom" : [ 73.228346456692833 ],
					"playReverse" : [ 0 ],
					"play" : [ 1 ],
					"stop" : [ 0 ],
					"keyboardNotes" : [ 60, 67, 64, 58 ],
					"envelope::userEnvelope" : [ 47999.0, 0.0, 1.0, 0.0, 0.0, 0, 0.0, 31134.486486486486683, 1.0, 0, -0.3, 47350.364864864866831, 0.0, 2, -0.65, "curve" ],
					"envelope::envSelect" : [ 1 ]
				}

			}
,
			"5" : 			{
				"id" : 5,
				"data" : 				{
					"GrainDelayRandom" : [ 10000.0 ],
					"clickmode" : [ 0.0 ],
					"freeze" : [ 0.0 ],
					"getRecFile" : [ 0.0 ],
					"grainDirection" : [ 0.0 ],
					"grainFreq" : [ 2000.0 ],
					"grainLength" : [ 50.0 ],
					"grainPeriod" : [ 2.0 ],
					"grainSizeRandom" : [ 0.0 ],
					"grainTimeJitter" : [ 0.0 ],
					"keyboardNotesOff" : [ 0.0 ],
					"maxGrains" : [ 100.000000000000028 ],
					"output" : [ 0.239371795353918 ],
					"panningCenter" : [ 0.0 ],
					"panningSpread" : [ 100.0 ],
					"pitchbend" : [ 64.0 ],
					"presetName" : [ "too", "many", "grains" ],
					"rate" : [ 0.0 ],
					"record" : [ 0.0 ],
					"soundfile" : [ "FemVoice.aif" ],
					"transpose" : [ 0.0 ],
					"transposeRandom" : [ 0.0 ],
					"transpositionMode" : [ 0.0 ],
					"volumeRandom" : [ 82.677165354330754 ],
					"playReverse" : [ 0 ],
					"play" : [ 1 ],
					"stop" : [ 0 ],
					"keyboardNotes" : [ 0 ],
					"envelope::userEnvelope" : [ 47999.0, 0.0, 1.0, 0.0, 0.0, 0, 0.0, 31134.486486486486683, 1.0, 0, -0.3, 47350.364864864866831, 0.0, 2, -0.65, "curve" ],
					"envelope::envSelect" : [ 1 ]
				}

			}
,
			"6" : 			{
				"id" : 6,
				"data" : 				{
					"GrainDelayRandom" : [ 260.055366660426273 ],
					"clickmode" : [ 0.0 ],
					"freeze" : [ 0.0 ],
					"getRecFile" : [ 0.0 ],
					"grainDirection" : [ 1.0 ],
					"grainFreq" : [ 16.131529016390679 ],
					"grainLength" : [ 198.493390786754134 ],
					"grainPeriod" : [ 61.990403946453881 ],
					"grainSizeRandom" : [ 100.0 ],
					"grainTimeJitter" : [ 85.826771653543247 ],
					"keyboardNotesOff" : [ 0.0 ],
					"maxGrains" : [ 100.000000000000028 ],
					"output" : [ 0.239371795353918 ],
					"panningCenter" : [ 0.0 ],
					"panningSpread" : [ 0.0 ],
					"pitchbend" : [ 64.0 ],
					"presetName" : [ "grainy" ],
					"rate" : [ 0.0 ],
					"record" : [ 0.0 ],
					"soundfile" : [ "FemVoice.aif" ],
					"transpose" : [ 0.0 ],
					"transposeRandom" : [ 0.0 ],
					"transpositionMode" : [ 0.0 ],
					"volumeRandom" : [ 62.992125984251992 ],
					"playReverse" : [ 0 ],
					"play" : [ 1 ],
					"stop" : [ 0 ],
					"keyboardNotes" : [ 0 ],
					"envelope::userEnvelope" : [ 47999.0, 0.0, 1.0, 0.0, 0.0, 0, 0.0, 31134.486486486486683, 1.0, 0, -0.3, 47350.364864864866831, 0.0, 2, -0.65, "curve" ],
					"envelope::envSelect" : [ 2 ]
				}

			}
,
			"7" : 			{
				"id" : 7,
				"data" : 				{
					"GrainDelayRandom" : [ 10000.0 ],
					"clickmode" : [ 0.0 ],
					"freeze" : [ 0.0 ],
					"getRecFile" : [ 0.0 ],
					"grainDirection" : [ 0.0 ],
					"grainFreq" : [ 223.07493889433303 ],
					"grainLength" : [ 146.563636042785845 ],
					"grainPeriod" : [ 4.482798493441184 ],
					"grainSizeRandom" : [ 28.346456692913378 ],
					"grainTimeJitter" : [ 100.0 ],
					"keyboardNotesOff" : [ 0.0 ],
					"maxGrains" : [ 100.000000000000028 ],
					"output" : [ 0.239371795353918 ],
					"panningCenter" : [ 0.0 ],
					"panningSpread" : [ 100.0 ],
					"pitchbend" : [ 64.0 ],
					"presetName" : [ "plucky" ],
					"rate" : [ 0.0 ],
					"record" : [ 0.0 ],